<?xml version="1.0" encoding="UTF-8"?>
<additional xmlns:xsi="http://www.w3.org/2001/XMLSchema-instance" xsi:noNamespaceSchemaLocation="http://sumo.dlr.de/xsd/additional_file.xsd">
    <!-- Detectors -->
	
	<inductionLoop id="G009233001000610020_e1_0" lane="600.27_3" pos="0" period="600.00" file="e1_detector.xml"/>
    <inductionLoop id="G009233001000610020_e1_1" lane="600.27_2" pos="0" period="600.00" file="e1_detector.xml"/>
    <inductionLoop id="G009233001000610020_e1_2" lane="600.27_1" pos="0" period="600.00" file="e1_detector.xml"/>
    <inductionLoop id="G009233001000610020_e1_3" lane="600.27_0" pos="0" period="600.00" file="e1_detector.xml"/>
	
	<inductionLoop id="G009233001000710010_e1_0" lane="294.142.97_3" pos="0" period="600.00" file="e1_detector.xml"/>
    <inductionLoop id="G009233001000710010_e1_1" lane="294.142.97_2" pos="0" period="600.00" file="e1_detector.xml"/>
    <inductionLoop id="G009233001000710010_e1_2" lane="294.142.97_1" pos="0" period="600.00" file="e1_detector.xml"/>
    <inductionLoop id="G009233001000710010_e1_3" lane="294.142.97_0" pos="0" period="600.00" file="e1_detector.xml"/>

	<inductionLoop id="G009233001000810010_e1_0" lane="529.189_3" pos="0" period="600.00" file="e1_detector.xml"/>
    <inductionLoop id="G009233001000810010_e1_1" lane="529.189_2" pos="0" period="600.00" file="e1_detector.xml"/>
    <inductionLoop id="G009233001000810010_e1_2" lane="529.189_1" pos="0" period="600.00" file="e1_detector.xml"/>
    <inductionLoop id="G009233001000810010_e1_3" lane="529.189_0" pos="0" period="600.00" file="e1_detector.xml"/>

	<inductionLoop id="G009233001000910020_e1_0" lane="412_0" pos="0" period="600.00" file="e1_detector.xml"/>
    <inductionLoop id="G009233001000910020_e1_1" lane="412_1" pos="0" period="600.00" file="e1_detector.xml"/>
    <inductionLoop id="G009233001000910020_e1_2" lane="412_2" pos="0" period="600.00" file="e1_detector.xml"/>
    <inductionLoop id="G009233001000910020_e1_3" lane="412_3" pos="0" period="600.00" file="e1_detector.xml"/>
	
	<inductionLoop id="G009233001001010010_e1_0" lane="526.9.99_0" pos="0" period="600.00" file="e1_detector.xml"/>
    <inductionLoop id="G009233001001010010_e1_1" lane="526.9.99_1" pos="0" period="600.00" file="e1_detector.xml"/>
    <inductionLoop id="G009233001001010010_e1_2" lane="526.9.99_2" pos="0" period="600.00" file="e1_detector.xml"/>
    <inductionLoop id="G009233001001010010_e1_3" lane="526.9.99_3" pos="0" period="600.00" file="e1_detector.xml"/>


    <!--<entryExitDetector id="G009233001000610020" pos="20293.98,19774.34" period="300.00" file="e3_detector.xml">
        <detEntry lane="840.125.184_3" pos="0"/>
        <detEntry lane="840.125.184_2" pos="0"/>
        <detEntry lane="840.125.184_1" pos="0"/>
        <detEntry lane="840.125.184_0" pos="0"/>
        <detExit lane="600.27_3" pos="0"/>
        <detExit lane="600.27_2" pos="0"/>
        <detExit lane="600.27_1" pos="0"/>
        <detExit lane="600.27_0" pos="0"/>
    </entryExitDetector>

    <entryExitDetector id="G009233001000710010" pos="20293.98,19774.34" period="300.00" file="e3_detector.xml">
        <detEntry lane="600.27_3" pos="0"/>
        <detEntry lane="600.27_2" pos="0"/>
        <detEntry lane="600.27_1" pos="0"/>
        <detEntry lane="600.27_0" pos="0"/>
        <detExit lane="294.142.97_3" pos="0"/>
        <detExit lane="294.142.97_2" pos="0"/>
        <detExit lane="294.142.97_1" pos="0"/>
        <detExit lane="294.142.97_0" pos="0"/>
    </entryExitDetector>

    <entryExitDetector id="G009233001000810010" pos="20293.99,19774.34" period="300.00" file="e3_detector.xml">
        <detEntry lane="294.142.97_3" pos="0"/>
        <detEntry lane="294.142.97_2" pos="0"/>
        <detEntry lane="294.142.97_1" pos="0"/>
        <detEntry lane="294.142.97_0" pos="0"/>
        <detExit lane="529.189_3" pos="0"/>
        <detExit lane="529.189_2" pos="0"/>
        <detExit lane="529.189_1" pos="0"/>
        <detExit lane="529.189_0" pos="0"/>
    </entryExitDetector>
	
    <entryExitDetector id="G009233001000910020" pos="20294,19774.34" period="300.00" file="e3_detector.xml">
        <detEntry lane="552.333.388_3" pos="0"/>
        <detEntry lane="552.333.388_2" pos="0"/>
        <detEntry lane="552.333.388_1" pos="0"/>
        <detEntry lane="552.333.388_0" pos="0"/>
        <detExit lane="412_3" pos="0"/>
        <detExit lane="412_2" pos="0"/>
        <detExit lane="412_1" pos="0"/>
        <detExit lane="412_0" pos="0"/>
    </entryExitDetector>

    <entryExitDetector id="G009233001001010010" pos="20294,19774.34" period="300.00" file="e3_detector.xml">
        <detEntry lane="412_3" pos="0"/>
        <detEntry lane="412_2" pos="0"/>
        <detEntry lane="412_1" pos="0"/>
        <detEntry lane="412_0" pos="0"/>
        <detExit lane="526.9.99_3" pos="0"/>
        <detExit lane="526.9.99_2" pos="0"/>
        <detExit lane="526.9.99_1" pos="0"/>
        <detExit lane="526.9.99_0" pos="0"/>
    </entryExitDetector>-->

</additional>