<?xml version="1.0" encoding="UTF-8"?>

<!-- generated on 2024-05-10 23:31:02 by Eclipse SUMO sumo Version 1.20.0
<configuration xmlns:xsi="http://www.w3.org/2001/XMLSchema-instance" xsi:noNamespaceSchemaLocation="http://sumo.dlr.de/xsd/sumoConfiguration.xsd">

    <input>
        <net-file value="D:\Crossing Project\仿真标定\HangYong0428\new.net.xml"/>
        <route-files value="D:\Crossing Project\仿真标定\HangYong0428\1_fast.rou.xml,D:\Crossing Project\仿真标定\HangYong0428\ 1_mid.rou.xml,D:\Crossing Project\仿真标定\HangYong0428\ 1_slow.rou.xml,D:\Crossing Project\仿真标定\HangYong0428\ 2_fast.rou.xml,D:\Crossing Project\仿真标定\HangYong0428\ 2_mid.rou.xml,D:\Crossing Project\仿真标定\HangYong0428\ 2_slow.rou.xml"/>
        <additional-files value="D:\Crossing Project\仿真标定\HangYong0428\DETECT.add.xml"/>
    </input>

    <time>
        <end value="4800"/>
    </time>

    <report>
        <no-warnings value="true"/>
    </report>

    <traci_server>
        <remote-port value="60522"/>
    </traci_server>

    <random_number>
        <seed value="42"/>
    </random_number>

</configuration>
-->

<detector xmlns:xsi="http://www.w3.org/2001/XMLSchema-instance" xsi:noNamespaceSchemaLocation="http://sumo.dlr.de/xsd/det_e1_file.xsd">
    <interval begin="0.00" end="600.00" id="G009233001000610020_e1_0" nVehContrib="129" flow="774.00" occupancy="3.36" speed="32.14" harmonicMeanSpeed="32.03" length="5.00" nVehEntered="129"/>
    <interval begin="0.00" end="600.00" id="G009233001000610020_e1_1" nVehContrib="131" flow="786.00" occupancy="3.52" speed="31.69" harmonicMeanSpeed="31.63" length="5.07" nVehEntered="132"/>
    <interval begin="0.00" end="600.00" id="G009233001000610020_e1_2" nVehContrib="97" flow="582.00" occupancy="3.44" speed="29.58" harmonicMeanSpeed="28.86" length="6.02" nVehEntered="97"/>
    <interval begin="0.00" end="600.00" id="G009233001000610020_e1_3" nVehContrib="80" flow="480.00" occupancy="3.40" speed="27.35" harmonicMeanSpeed="26.90" length="6.80" nVehEntered="80"/>
    <interval begin="0.00" end="600.00" id="G009233001000710010_e1_0" nVehContrib="58" flow="348.00" occupancy="1.49" speed="32.51" harmonicMeanSpeed="32.50" length="5.00" nVehEntered="58"/>
    <interval begin="0.00" end="600.00" id="G009233001000710010_e1_1" nVehContrib="109" flow="654.00" occupancy="2.84" speed="32.08" harmonicMeanSpeed="32.03" length="5.00" nVehEntered="110"/>
    <interval begin="0.00" end="600.00" id="G009233001000710010_e1_2" nVehContrib="101" flow="606.00" occupancy="3.18" speed="30.67" harmonicMeanSpeed="29.03" length="5.45" nVehEntered="101"/>
    <interval begin="0.00" end="600.00" id="G009233001000710010_e1_3" nVehContrib="70" flow="420.00" occupancy="2.79" speed="27.94" harmonicMeanSpeed="27.62" length="6.54" nVehEntered="70"/>
    <interval begin="0.00" end="600.00" id="G009233001000810010_e1_0" nVehContrib="23" flow="138.00" occupancy="0.63" speed="31.20" harmonicMeanSpeed="30.37" length="5.00" nVehEntered="23"/>
    <interval begin="0.00" end="600.00" id="G009233001000810010_e1_1" nVehContrib="53" flow="318.00" occupancy="1.53" speed="31.47" harmonicMeanSpeed="28.93" length="5.00" nVehEntered="53"/>
    <interval begin="0.00" end="600.00" id="G009233001000810010_e1_2" nVehContrib="69" flow="414.00" occupancy="2.03" speed="31.67" harmonicMeanSpeed="31.55" length="5.39" nVehEntered="71"/>
    <interval begin="0.00" end="600.00" id="G009233001000810010_e1_3" nVehContrib="73" flow="438.00" occupancy="2.87" speed="29.88" harmonicMeanSpeed="29.63" length="6.73" nVehEntered="74"/>
    <interval begin="0.00" end="600.00" id="G009233001000910020_e1_0" nVehContrib="47" flow="282.00" occupancy="1.64" speed="30.12" harmonicMeanSpeed="29.80" length="6.15" nVehEntered="47"/>
    <interval begin="0.00" end="600.00" id="G009233001000910020_e1_1" nVehContrib="36" flow="216.00" occupancy="1.05" speed="31.98" harmonicMeanSpeed="31.89" length="5.50" nVehEntered="36"/>
    <interval begin="0.00" end="600.00" id="G009233001000910020_e1_2" nVehContrib="21" flow="126.00" occupancy="0.54" speed="32.52" harmonicMeanSpeed="32.52" length="5.00" nVehEntered="21"/>
    <interval begin="0.00" end="600.00" id="G009233001000910020_e1_3" nVehContrib="2" flow="12.00" occupancy="0.05" speed="32.40" harmonicMeanSpeed="32.40" length="5.00" nVehEntered="2"/>
    <interval begin="0.00" end="600.00" id="G009233001001010010_e1_0" nVehContrib="57" flow="342.00" occupancy="1.81" speed="31.08" harmonicMeanSpeed="30.89" length="5.79" nVehEntered="57"/>
    <interval begin="0.00" end="600.00" id="G009233001001010010_e1_1" nVehContrib="27" flow="162.00" occupancy="0.81" speed="32.05" harmonicMeanSpeed="31.98" length="5.67" nVehEntered="27"/>
    <interval begin="0.00" end="600.00" id="G009233001001010010_e1_2" nVehContrib="7" flow="42.00" occupancy="0.18" speed="32.62" harmonicMeanSpeed="32.62" length="5.00" nVehEntered="7"/>
    <interval begin="0.00" end="600.00" id="G009233001001010010_e1_3" nVehContrib="0" flow="0.00" occupancy="0.00" speed="-1.00" harmonicMeanSpeed="-1.00" length="-1.00" nVehEntered="0"/>
    <interval begin="600.00" end="1200.00" id="G009233001000610020_e1_0" nVehContrib="142" flow="852.00" occupancy="3.69" speed="32.15" harmonicMeanSpeed="32.04" length="5.00" nVehEntered="142"/>
    <interval begin="600.00" end="1200.00" id="G009233001000610020_e1_1" nVehContrib="180" flow="1080.00" occupancy="5.22" speed="31.13" harmonicMeanSpeed="29.98" length="5.20" nVehEntered="180"/>
    <interval begin="600.00" end="1200.00" id="G009233001000610020_e1_2" nVehContrib="140" flow="840.00" occupancy="5.06" speed="29.40" harmonicMeanSpeed="28.10" length="6.03" nVehEntered="141"/>
    <interval begin="600.00" end="1200.00" id="G009233001000610020_e1_3" nVehContrib="84" flow="504.00" occupancy="3.47" speed="25.96" harmonicMeanSpeed="25.01" length="6.29" nVehEntered="84"/>
    <interval begin="600.00" end="1200.00" id="G009233001000710010_e1_0" nVehContrib="153" flow="918.00" occupancy="3.95" speed="32.34" harmonicMeanSpeed="32.26" length="5.00" nVehEntered="153"/>
    <interval begin="600.00" end="1200.00" id="G009233001000710010_e1_1" nVehContrib="185" flow="1110.00" occupancy="4.96" speed="31.57" harmonicMeanSpeed="31.45" length="5.05" nVehEntered="185"/>
    <interval begin="600.00" end="1200.00" id="G009233001000710010_e1_2" nVehContrib="135" flow="810.00" occupancy="4.71" speed="29.97" harmonicMeanSpeed="29.79" length="6.13" nVehEntered="136"/>
    <interval begin="600.00" end="1200.00" id="G009233001000710010_e1_3" nVehContrib="87" flow="522.00" occupancy="3.86" speed="26.08" harmonicMeanSpeed="24.54" length="6.66" nVehEntered="87"/>
    <interval begin="600.00" end="1200.00" id="G009233001000810010_e1_0" nVehContrib="95" flow="570.00" occupancy="2.46" speed="32.36" harmonicMeanSpeed="32.21" length="5.00" nVehEntered="95"/>
    <interval begin="600.00" end="1200.00" id="G009233001000810010_e1_1" nVehContrib="168" flow="1008.00" occupancy="4.54" speed="31.86" harmonicMeanSpeed="30.86" length="5.00" nVehEntered="168"/>
    <interval begin="600.00" end="1200.00" id="G009233001000810010_e1_2" nVehContrib="157" flow="942.00" occupancy="4.79" speed="30.79" harmonicMeanSpeed="30.50" length="5.52" nVehEntered="157"/>
    <interval begin="600.00" end="1200.00" id="G009233001000810010_e1_3" nVehContrib="108" flow="648.00" occupancy="4.19" speed="27.60" harmonicMeanSpeed="27.27" length="6.42" nVehEntered="107"/>
    <interval begin="600.00" end="1200.00" id="G009233001000910020_e1_0" nVehContrib="93" flow="558.00" occupancy="4.15" speed="28.37" harmonicMeanSpeed="28.02" length="7.32" nVehEntered="95"/>
    <interval begin="600.00" end="1200.00" id="G009233001000910020_e1_1" nVehContrib="137" flow="822.00" occupancy="4.13" speed="31.02" harmonicMeanSpeed="28.02" length="5.07" nVehEntered="137"/>
    <interval begin="600.00" end="1200.00" id="G009233001000910020_e1_2" nVehContrib="136" flow="816.00" occupancy="3.53" speed="32.36" harmonicMeanSpeed="32.34" length="5.00" nVehEntered="138"/>
    <interval begin="600.00" end="1200.00" id="G009233001000910020_e1_3" nVehContrib="73" flow="438.00" occupancy="1.87" speed="32.58" harmonicMeanSpeed="32.57" length="5.00" nVehEntered="73"/>
    <interval begin="600.00" end="1200.00" id="G009233001001010010_e1_0" nVehContrib="98" flow="588.00" occupancy="3.71" speed="28.85" harmonicMeanSpeed="28.49" length="6.38" nVehEntered="99"/>
    <interval begin="600.00" end="1200.00" id="G009233001001010010_e1_1" nVehContrib="131" flow="786.00" occupancy="3.61" speed="31.82" harmonicMeanSpeed="31.73" length="5.21" nVehEntered="131"/>
    <interval begin="600.00" end="1200.00" id="G009233001001010010_e1_2" nVehContrib="102" flow="612.00" occupancy="2.62" speed="32.47" harmonicMeanSpeed="32.46" length="5.00" nVehEntered="102"/>
    <interval begin="600.00" end="1200.00" id="G009233001001010010_e1_3" nVehContrib="36" flow="216.00" occupancy="0.92" speed="32.66" harmonicMeanSpeed="32.65" length="5.00" nVehEntered="36"/>
    <interval begin="1200.00" end="1800.00" id="G009233001000610020_e1_0" nVehContrib="169" flow="1014.00" occupancy="4.46" speed="31.99" harmonicMeanSpeed="31.62" length="5.00" nVehEntered="170"/>
    <interval begin="1200.00" end="1800.00" id="G009233001000610020_e1_1" nVehContrib="188" flow="1128.00" occupancy="5.35" speed="30.60" harmonicMeanSpeed="29.28" length="5.00" nVehEntered="188"/>
    <interval begin="1200.00" end="1800.00" id="G009233001000610020_e1_2" nVehContrib="153" flow="918.00" occupancy="5.45" speed="29.02" harmonicMeanSpeed="28.42" length="6.00" nVehEntered="153"/>
    <interval begin="1200.00" end="1800.00" id="G009233001000610020_e1_3" nVehContrib="94" flow="564.00" occupancy="4.71" speed="25.96" harmonicMeanSpeed="25.23" length="7.59" nVehEntered="94"/>
    <interval begin="1200.00" end="1800.00" id="G009233001000710010_e1_0" nVehContrib="146" flow="876.00" occupancy="3.75" speed="32.43" harmonicMeanSpeed="32.41" length="5.00" nVehEntered="146"/>
    <interval begin="1200.00" end="1800.00" id="G009233001000710010_e1_1" nVehContrib="181" flow="1086.00" occupancy="4.90" speed="31.91" harmonicMeanSpeed="31.83" length="5.15" nVehEntered="181"/>
    <interval begin="1200.00" end="1800.00" id="G009233001000710010_e1_2" nVehContrib="150" flow="900.00" occupancy="4.70" speed="30.11" harmonicMeanSpeed="29.79" length="5.54" nVehEntered="150"/>
    <interval begin="1200.00" end="1800.00" id="G009233001000710010_e1_3" nVehContrib="103" flow="618.00" occupancy="4.54" speed="26.39" harmonicMeanSpeed="26.06" length="6.92" nVehEntered="103"/>
    <interval begin="1200.00" end="1800.00" id="G009233001000810010_e1_0" nVehContrib="133" flow="798.00" occupancy="3.45" speed="32.20" harmonicMeanSpeed="32.08" length="5.00" nVehEntered="133"/>
    <interval begin="1200.00" end="1800.00" id="G009233001000810010_e1_1" nVehContrib="219" flow="1314.00" occupancy="6.11" speed="31.50" harmonicMeanSpeed="29.89" length="5.00" nVehEntered="219"/>
    <interval begin="1200.00" end="1800.00" id="G009233001000810010_e1_2" nVehContrib="191" flow="1146.00" occupancy="6.45" speed="29.88" harmonicMeanSpeed="28.97" length="5.80" nVehEntered="193"/>
    <interval begin="1200.00" end="1800.00" id="G009233001000810010_e1_3" nVehContrib="116" flow="696.00" occupancy="5.06" speed="26.60" harmonicMeanSpeed="26.09" length="6.78" nVehEntered="117"/>
    <interval begin="1200.00" end="1800.00" id="G009233001000910020_e1_0" nVehContrib="103" flow="618.00" occupancy="4.44" speed="27.45" harmonicMeanSpeed="27.12" length="7.01" nVehEntered="103"/>
    <interval begin="1200.00" end="1800.00" id="G009233001000910020_e1_1" nVehContrib="168" flow="1008.00" occupancy="4.91" speed="31.07" harmonicMeanSpeed="30.94" length="5.38" nVehEntered="168"/>
    <interval begin="1200.00" end="1800.00" id="G009233001000910020_e1_2" nVehContrib="181" flow="1086.00" occupancy="4.67" speed="32.29" harmonicMeanSpeed="32.27" length="5.00" nVehEntered="180"/>
    <interval begin="1200.00" end="1800.00" id="G009233001000910020_e1_3" nVehContrib="121" flow="726.00" occupancy="3.10" speed="32.50" harmonicMeanSpeed="32.49" length="5.00" nVehEntered="121"/>
    <interval begin="1200.00" end="1800.00" id="G009233001001010010_e1_0" nVehContrib="104" flow="624.00" occupancy="4.19" speed="28.15" harmonicMeanSpeed="27.74" length="6.64" nVehEntered="104"/>
    <interval begin="1200.00" end="1800.00" id="G009233001001010010_e1_1" nVehContrib="160" flow="960.00" occupancy="4.91" speed="31.01" harmonicMeanSpeed="29.14" length="5.34" nVehEntered="161"/>
    <interval begin="1200.00" end="1800.00" id="G009233001001010010_e1_2" nVehContrib="144" flow="864.00" occupancy="3.89" speed="32.14" harmonicMeanSpeed="30.93" length="5.00" nVehEntered="146"/>
    <interval begin="1200.00" end="1800.00" id="G009233001001010010_e1_3" nVehContrib="70" flow="420.00" occupancy="1.95" speed="32.22" harmonicMeanSpeed="29.88" length="5.00" nVehEntered="70"/>
    <interval begin="1800.00" end="2400.00" id="G009233001000610020_e1_0" nVehContrib="189" flow="1134.00" occupancy="5.02" speed="31.74" harmonicMeanSpeed="31.37" length="5.00" nVehEntered="189"/>
    <interval begin="1800.00" end="2400.00" id="G009233001000610020_e1_1" nVehContrib="206" flow="1236.00" occupancy="5.95" speed="31.03" harmonicMeanSpeed="30.05" length="5.17" nVehEntered="207"/>
    <interval begin="1800.00" end="2400.00" id="G009233001000610020_e1_2" nVehContrib="147" flow="882.00" occupancy="5.44" speed="28.71" harmonicMeanSpeed="26.75" length="5.92" nVehEntered="149"/>
    <interval begin="1800.00" end="2400.00" id="G009233001000610020_e1_3" nVehContrib="86" flow="516.00" occupancy="4.01" speed="24.80" harmonicMeanSpeed="23.09" length="6.36" nVehEntered="86"/>
    <interval begin="1800.00" end="2400.00" id="G009233001000710010_e1_0" nVehContrib="152" flow="912.00" occupancy="3.93" speed="32.28" harmonicMeanSpeed="32.20" length="5.00" nVehEntered="152"/>
    <interval begin="1800.00" end="2400.00" id="G009233001000710010_e1_1" nVehContrib="203" flow="1218.00" occupancy="5.43" speed="31.62" harmonicMeanSpeed="31.50" length="5.04" nVehEntered="203"/>
    <interval begin="1800.00" end="2400.00" id="G009233001000710010_e1_2" nVehContrib="155" flow="930.00" occupancy="5.62" speed="29.29" harmonicMeanSpeed="28.03" length="5.93" nVehEntered="157"/>
    <interval begin="1800.00" end="2400.00" id="G009233001000710010_e1_3" nVehContrib="101" flow="606.00" occupancy="4.65" speed="25.97" harmonicMeanSpeed="25.35" length="6.96" nVehEntered="102"/>
    <interval begin="1800.00" end="2400.00" id="G009233001000810010_e1_0" nVehContrib="102" flow="612.00" occupancy="2.65" speed="32.28" harmonicMeanSpeed="32.25" length="5.00" nVehEntered="103"/>
    <interval begin="1800.00" end="2400.00" id="G009233001000810010_e1_1" nVehContrib="173" flow="1038.00" occupancy="4.74" speed="31.77" harmonicMeanSpeed="30.79" length="5.05" nVehEntered="173"/>
    <interval begin="1800.00" end="2400.00" id="G009233001000810010_e1_2" nVehContrib="141" flow="846.00" occupancy="5.02" speed="29.95" harmonicMeanSpeed="29.67" length="6.21" nVehEntered="141"/>
    <interval begin="1800.00" end="2400.00" id="G009233001000810010_e1_3" nVehContrib="98" flow="588.00" occupancy="4.13" speed="27.35" harmonicMeanSpeed="26.99" length="6.74" nVehEntered="98"/>
    <interval begin="1800.00" end="2400.00" id="G009233001000910020_e1_0" nVehContrib="105" flow="630.00" occupancy="4.78" speed="26.64" harmonicMeanSpeed="26.30" length="7.23" nVehEntered="105"/>
    <interval begin="1800.00" end="2400.00" id="G009233001000910020_e1_1" nVehContrib="171" flow="1026.00" occupancy="5.23" speed="30.63" harmonicMeanSpeed="30.47" length="5.53" nVehEntered="171"/>
    <interval begin="1800.00" end="2400.00" id="G009233001000910020_e1_2" nVehContrib="183" flow="1098.00" occupancy="4.80" speed="32.16" harmonicMeanSpeed="32.12" length="5.05" nVehEntered="183"/>
    <interval begin="1800.00" end="2400.00" id="G009233001000910020_e1_3" nVehContrib="104" flow="624.00" occupancy="2.66" speed="32.55" harmonicMeanSpeed="32.54" length="5.00" nVehEntered="104"/>
    <interval begin="1800.00" end="2400.00" id="G009233001001010010_e1_0" nVehContrib="103" flow="618.00" occupancy="4.48" speed="27.53" harmonicMeanSpeed="27.18" length="7.01" nVehEntered="104"/>
    <interval begin="1800.00" end="2400.00" id="G009233001001010010_e1_1" nVehContrib="158" flow="948.00" occupancy="5.11" speed="30.74" harmonicMeanSpeed="28.90" length="5.57" nVehEntered="158"/>
    <interval begin="1800.00" end="2400.00" id="G009233001001010010_e1_2" nVehContrib="155" flow="930.00" occupancy="4.04" speed="32.12" harmonicMeanSpeed="32.07" length="5.00" nVehEntered="156"/>
    <interval begin="1800.00" end="2400.00" id="G009233001001010010_e1_3" nVehContrib="94" flow="564.00" occupancy="2.48" speed="32.37" harmonicMeanSpeed="32.35" length="5.10" nVehEntered="94"/>
    <interval begin="2400.00" end="3000.00" id="G009233001000610020_e1_0" nVehContrib="215" flow="1290.00" occupancy="6.15" speed="30.88" harmonicMeanSpeed="29.40" length="5.04" nVehEntered="215"/>
    <interval begin="2400.00" end="3000.00" id="G009233001000610020_e1_1" nVehContrib="205" flow="1230.00" occupancy="6.05" speed="30.10" harmonicMeanSpeed="29.33" length="5.18" nVehEntered="205"/>
    <interval begin="2400.00" end="3000.00" id="G009233001000610020_e1_2" nVehContrib="148" flow="888.00" occupancy="5.47" speed="27.89" harmonicMeanSpeed="26.47" length="5.85" nVehEntered="148"/>
    <interval begin="2400.00" end="3000.00" id="G009233001000610020_e1_3" nVehContrib="93" flow="558.00" occupancy="4.45" speed="26.30" harmonicMeanSpeed="24.88" length="7.23" nVehEntered="93"/>
    <interval begin="2400.00" end="3000.00" id="G009233001000710010_e1_0" nVehContrib="168" flow="1008.00" occupancy="4.32" speed="32.42" harmonicMeanSpeed="32.38" length="5.00" nVehEntered="168"/>
    <interval begin="2400.00" end="3000.00" id="G009233001000710010_e1_1" nVehContrib="201" flow="1206.00" occupancy="5.25" speed="31.98" harmonicMeanSpeed="31.93" length="5.00" nVehEntered="201"/>
    <interval begin="2400.00" end="3000.00" id="G009233001000710010_e1_2" nVehContrib="185" flow="1110.00" occupancy="5.48" speed="30.84" harmonicMeanSpeed="30.65" length="5.44" nVehEntered="184"/>
    <interval begin="2400.00" end="3000.00" id="G009233001000710010_e1_3" nVehContrib="93" flow="558.00" occupancy="3.98" speed="26.81" harmonicMeanSpeed="26.29" length="6.74" nVehEntered="93"/>
    <interval begin="2400.00" end="3000.00" id="G009233001000810010_e1_0" nVehContrib="147" flow="882.00" occupancy="3.80" speed="32.30" harmonicMeanSpeed="32.25" length="5.00" nVehEntered="147"/>
    <interval begin="2400.00" end="3000.00" id="G009233001000810010_e1_1" nVehContrib="212" flow="1272.00" occupancy="5.63" speed="31.85" harmonicMeanSpeed="31.72" length="5.04" nVehEntered="212"/>
    <interval begin="2400.00" end="3000.00" id="G009233001000810010_e1_2" nVehContrib="174" flow="1044.00" occupancy="5.61" speed="30.31" harmonicMeanSpeed="29.27" length="5.62" nVehEntered="174"/>
    <interval begin="2400.00" end="3000.00" id="G009233001000810010_e1_3" nVehContrib="110" flow="660.00" occupancy="4.79" speed="27.06" harmonicMeanSpeed="26.69" length="6.96" nVehEntered="111"/>
    <interval begin="2400.00" end="3000.00" id="G009233001000910020_e1_0" nVehContrib="97" flow="582.00" occupancy="4.14" speed="27.12" harmonicMeanSpeed="26.72" length="6.86" nVehEntered="97"/>
    <interval begin="2400.00" end="3000.00" id="G009233001000910020_e1_1" nVehContrib="164" flow="984.00" occupancy="5.31" speed="30.45" harmonicMeanSpeed="30.24" length="5.71" nVehEntered="165"/>
    <interval begin="2400.00" end="3000.00" id="G009233001000910020_e1_2" nVehContrib="200" flow="1200.00" occupancy="5.34" speed="32.20" harmonicMeanSpeed="31.98" length="5.04" nVehEntered="200"/>
    <interval begin="2400.00" end="3000.00" id="G009233001000910020_e1_3" nVehContrib="108" flow="648.00" occupancy="2.77" speed="32.47" harmonicMeanSpeed="32.47" length="5.00" nVehEntered="108"/>
    <interval begin="2400.00" end="3000.00" id="G009233001001010010_e1_0" nVehContrib="97" flow="582.00" occupancy="4.27" speed="27.31" harmonicMeanSpeed="27.00" length="7.13" nVehEntered="97"/>
    <interval begin="2400.00" end="3000.00" id="G009233001001010010_e1_1" nVehContrib="126" flow="756.00" occupancy="3.91" speed="30.96" harmonicMeanSpeed="30.78" length="5.64" nVehEntered="126"/>
    <interval begin="2400.00" end="3000.00" id="G009233001001010010_e1_2" nVehContrib="162" flow="972.00" occupancy="4.18" speed="32.29" harmonicMeanSpeed="32.26" length="5.00" nVehEntered="162"/>
    <interval begin="2400.00" end="3000.00" id="G009233001001010010_e1_3" nVehContrib="71" flow="426.00" occupancy="1.82" speed="32.53" harmonicMeanSpeed="32.51" length="5.00" nVehEntered="71"/>
    <interval begin="3000.00" end="3600.00" id="G009233001000610020_e1_0" nVehContrib="209" flow="1254.00" occupancy="5.81" speed="31.00" harmonicMeanSpeed="29.98" length="5.00" nVehEntered="209"/>
    <interval begin="3000.00" end="3600.00" id="G009233001000610020_e1_1" nVehContrib="217" flow="1302.00" occupancy="6.13" speed="30.26" harmonicMeanSpeed="29.49" length="5.00" nVehEntered="217"/>
    <interval begin="3000.00" end="3600.00" id="G009233001000610020_e1_2" nVehContrib="151" flow="906.00" occupancy="5.27" speed="28.94" harmonicMeanSpeed="28.52" length="5.89" nVehEntered="151"/>
    <interval begin="3000.00" end="3600.00" id="G009233001000610020_e1_3" nVehContrib="99" flow="594.00" occupancy="5.19" speed="25.60" harmonicMeanSpeed="24.71" length="7.91" nVehEntered="99"/>
    <interval begin="3000.00" end="3600.00" id="G009233001000710010_e1_0" nVehContrib="194" flow="1164.00" occupancy="5.15" speed="32.24" harmonicMeanSpeed="31.41" length="5.00" nVehEntered="194"/>
    <interval begin="3000.00" end="3600.00" id="G009233001000710010_e1_1" nVehContrib="213" flow="1278.00" occupancy="5.76" speed="31.59" harmonicMeanSpeed="31.53" length="5.08" nVehEntered="214"/>
    <interval begin="3000.00" end="3600.00" id="G009233001000710010_e1_2" nVehContrib="165" flow="990.00" occupancy="6.04" speed="29.48" harmonicMeanSpeed="29.31" length="6.31" nVehEntered="166"/>
    <interval begin="3000.00" end="3600.00" id="G009233001000710010_e1_3" nVehContrib="97" flow="582.00" occupancy="4.12" speed="26.85" harmonicMeanSpeed="26.49" length="6.76" nVehEntered="97"/>
    <interval begin="3000.00" end="3600.00" id="G009233001000810010_e1_0" nVehContrib="161" flow="966.00" occupancy="4.16" speed="32.25" harmonicMeanSpeed="32.22" length="5.00" nVehEntered="161"/>
    <interval begin="3000.00" end="3600.00" id="G009233001000810010_e1_1" nVehContrib="218" flow="1308.00" occupancy="5.82" speed="31.88" harmonicMeanSpeed="31.82" length="5.08" nVehEntered="218"/>
    <interval begin="3000.00" end="3600.00" id="G009233001000810010_e1_2" nVehContrib="173" flow="1038.00" occupancy="5.68" speed="29.87" harmonicMeanSpeed="29.69" length="5.78" nVehEntered="173"/>
    <interval begin="3000.00" end="3600.00" id="G009233001000810010_e1_3" nVehContrib="111" flow="666.00" occupancy="5.12" speed="25.99" harmonicMeanSpeed="25.33" length="7.03" nVehEntered="111"/>
    <interval begin="3000.00" end="3600.00" id="G009233001000910020_e1_0" nVehContrib="100" flow="600.00" occupancy="4.70" speed="26.55" harmonicMeanSpeed="26.15" length="7.43" nVehEntered="100"/>
    <interval begin="3000.00" end="3600.00" id="G009233001000910020_e1_1" nVehContrib="169" flow="1014.00" occupancy="5.16" speed="30.78" harmonicMeanSpeed="30.57" length="5.53" nVehEntered="169"/>
    <interval begin="3000.00" end="3600.00" id="G009233001000910020_e1_2" nVehContrib="208" flow="1248.00" occupancy="5.37" speed="32.33" harmonicMeanSpeed="32.30" length="5.00" nVehEntered="208"/>
    <interval begin="3000.00" end="3600.00" id="G009233001000910020_e1_3" nVehContrib="121" flow="726.00" occupancy="3.09" speed="32.69" harmonicMeanSpeed="32.68" length="5.00" nVehEntered="121"/>
    <interval begin="3000.00" end="3600.00" id="G009233001001010010_e1_0" nVehContrib="88" flow="528.00" occupancy="3.92" speed="27.06" harmonicMeanSpeed="25.31" length="6.84" nVehEntered="88"/>
    <interval begin="3000.00" end="3600.00" id="G009233001001010010_e1_1" nVehContrib="160" flow="960.00" occupancy="4.97" speed="30.52" harmonicMeanSpeed="30.35" length="5.56" nVehEntered="161"/>
    <interval begin="3000.00" end="3600.00" id="G009233001001010010_e1_2" nVehContrib="174" flow="1044.00" occupancy="4.47" speed="32.43" harmonicMeanSpeed="32.41" length="5.00" nVehEntered="174"/>
    <interval begin="3000.00" end="3600.00" id="G009233001001010010_e1_3" nVehContrib="87" flow="522.00" occupancy="2.22" speed="32.60" harmonicMeanSpeed="32.60" length="5.00" nVehEntered="87"/>
    <interval begin="3600.00" end="4200.00" id="G009233001000610020_e1_0" nVehContrib="209" flow="1254.00" occupancy="5.76" speed="31.44" harmonicMeanSpeed="30.23" length="5.00" nVehEntered="209"/>
    <interval begin="3600.00" end="4200.00" id="G009233001000610020_e1_1" nVehContrib="236" flow="1416.00" occupancy="6.72" speed="30.70" harmonicMeanSpeed="30.37" length="5.15" nVehEntered="237"/>
    <interval begin="3600.00" end="4200.00" id="G009233001000610020_e1_2" nVehContrib="150" flow="900.00" occupancy="5.73" speed="28.39" harmonicMeanSpeed="27.66" length="6.26" nVehEntered="151"/>
    <interval begin="3600.00" end="4200.00" id="G009233001000610020_e1_3" nVehContrib="104" flow="624.00" occupancy="5.08" speed="25.45" harmonicMeanSpeed="23.41" length="6.82" nVehEntered="104"/>
    <interval begin="3600.00" end="4200.00" id="G009233001000710010_e1_0" nVehContrib="191" flow="1146.00" occupancy="4.90" speed="32.49" harmonicMeanSpeed="32.48" length="5.00" nVehEntered="191"/>
    <interval begin="3600.00" end="4200.00" id="G009233001000710010_e1_1" nVehContrib="242" flow="1452.00" occupancy="6.34" speed="31.83" harmonicMeanSpeed="31.78" length="5.00" nVehEntered="242"/>
    <interval begin="3600.00" end="4200.00" id="G009233001000710010_e1_2" nVehContrib="166" flow="996.00" occupancy="5.38" speed="29.78" harmonicMeanSpeed="29.62" length="5.70" nVehEntered="165"/>
    <interval begin="3600.00" end="4200.00" id="G009233001000710010_e1_3" nVehContrib="104" flow="624.00" occupancy="5.02" speed="26.84" harmonicMeanSpeed="26.65" length="7.77" nVehEntered="104"/>
    <interval begin="3600.00" end="4200.00" id="G009233001000810010_e1_0" nVehContrib="154" flow="924.00" occupancy="3.95" speed="32.47" harmonicMeanSpeed="32.46" length="5.00" nVehEntered="154"/>
    <interval begin="3600.00" end="4200.00" id="G009233001000810010_e1_1" nVehContrib="202" flow="1212.00" occupancy="5.38" speed="31.67" harmonicMeanSpeed="31.60" length="5.04" nVehEntered="202"/>
    <interval begin="3600.00" end="4200.00" id="G009233001000810010_e1_2" nVehContrib="170" flow="1020.00" occupancy="5.69" speed="29.84" harmonicMeanSpeed="28.83" length="5.74" nVehEntered="170"/>
    <interval begin="3600.00" end="4200.00" id="G009233001000810010_e1_3" nVehContrib="113" flow="678.00" occupancy="5.35" speed="26.50" harmonicMeanSpeed="26.11" length="7.47" nVehEntered="114"/>
    <interval begin="3600.00" end="4200.00" id="G009233001000910020_e1_0" nVehContrib="108" flow="648.00" occupancy="4.52" speed="27.56" harmonicMeanSpeed="27.28" length="6.83" nVehEntered="108"/>
    <interval begin="3600.00" end="4200.00" id="G009233001000910020_e1_1" nVehContrib="173" flow="1038.00" occupancy="5.63" speed="30.35" harmonicMeanSpeed="29.37" length="5.68" nVehEntered="173"/>
    <interval begin="3600.00" end="4200.00" id="G009233001000910020_e1_2" nVehContrib="209" flow="1254.00" occupancy="5.43" speed="32.16" harmonicMeanSpeed="32.12" length="5.00" nVehEntered="210"/>
    <interval begin="3600.00" end="4200.00" id="G009233001000910020_e1_3" nVehContrib="124" flow="744.00" occupancy="3.17" speed="32.59" harmonicMeanSpeed="32.59" length="5.00" nVehEntered="124"/>
    <interval begin="3600.00" end="4200.00" id="G009233001001010010_e1_0" nVehContrib="103" flow="618.00" occupancy="5.19" speed="26.86" harmonicMeanSpeed="25.29" length="7.71" nVehEntered="103"/>
    <interval begin="3600.00" end="4200.00" id="G009233001001010010_e1_1" nVehContrib="153" flow="918.00" occupancy="4.68" speed="30.79" harmonicMeanSpeed="30.64" length="5.53" nVehEntered="154"/>
    <interval begin="3600.00" end="4200.00" id="G009233001001010010_e1_2" nVehContrib="159" flow="954.00" occupancy="4.10" speed="32.35" harmonicMeanSpeed="32.32" length="5.00" nVehEntered="159"/>
    <interval begin="3600.00" end="4200.00" id="G009233001001010010_e1_3" nVehContrib="87" flow="522.00" occupancy="2.23" speed="32.54" harmonicMeanSpeed="32.52" length="5.00" nVehEntered="87"/>
    <interval begin="4200.00" end="4800.00" id="G009233001000610020_e1_0" nVehContrib="177" flow="1062.00" occupancy="4.79" speed="31.58" harmonicMeanSpeed="30.81" length="5.00" nVehEntered="177"/>
    <interval begin="4200.00" end="4800.00" id="G009233001000610020_e1_1" nVehContrib="193" flow="1158.00" occupancy="5.52" speed="30.72" harmonicMeanSpeed="29.43" length="5.05" nVehEntered="193"/>
    <interval begin="4200.00" end="4800.00" id="G009233001000610020_e1_2" nVehContrib="128" flow="768.00" occupancy="4.67" speed="28.81" harmonicMeanSpeed="27.79" length="6.05" nVehEntered="129"/>
    <interval begin="4200.00" end="4800.00" id="G009233001000610020_e1_3" nVehContrib="104" flow="624.00" occupancy="4.60" speed="26.45" harmonicMeanSpeed="25.45" length="6.73" nVehEntered="104"/>
    <interval begin="4200.00" end="4800.00" id="G009233001000710010_e1_0" nVehContrib="189" flow="1134.00" occupancy="5.05" speed="32.14" harmonicMeanSpeed="31.21" length="5.00" nVehEntered="190"/>
    <interval begin="4200.00" end="4800.00" id="G009233001000710010_e1_1" nVehContrib="206" flow="1236.00" occupancy="5.54" speed="31.67" harmonicMeanSpeed="31.60" length="5.09" nVehEntered="207"/>
    <interval begin="4200.00" end="4800.00" id="G009233001000710010_e1_2" nVehContrib="152" flow="912.00" occupancy="5.28" speed="29.80" harmonicMeanSpeed="29.58" length="6.07" nVehEntered="152"/>
    <interval begin="4200.00" end="4800.00" id="G009233001000710010_e1_3" nVehContrib="100" flow="600.00" occupancy="4.53" speed="26.63" harmonicMeanSpeed="26.36" length="7.16" nVehEntered="100"/>
    <interval begin="4200.00" end="4800.00" id="G009233001000810010_e1_0" nVehContrib="125" flow="750.00" occupancy="3.20" speed="32.56" harmonicMeanSpeed="32.55" length="5.00" nVehEntered="125"/>
    <interval begin="4200.00" end="4800.00" id="G009233001000810010_e1_1" nVehContrib="196" flow="1176.00" occupancy="5.16" speed="32.03" harmonicMeanSpeed="31.98" length="5.05" nVehEntered="196"/>
    <interval begin="4200.00" end="4800.00" id="G009233001000810010_e1_2" nVehContrib="186" flow="1116.00" occupancy="5.64" speed="30.64" harmonicMeanSpeed="30.48" length="5.48" nVehEntered="186"/>
    <interval begin="4200.00" end="4800.00" id="G009233001000810010_e1_3" nVehContrib="118" flow="708.00" occupancy="5.07" speed="27.70" harmonicMeanSpeed="27.46" length="7.06" nVehEntered="118"/>
    <interval begin="4200.00" end="4800.00" id="G009233001000910020_e1_0" nVehContrib="113" flow="678.00" occupancy="5.70" speed="26.85" harmonicMeanSpeed="26.26" length="7.87" nVehEntered="114"/>
    <interval begin="4200.00" end="4800.00" id="G009233001000910020_e1_1" nVehContrib="162" flow="972.00" occupancy="5.32" speed="30.27" harmonicMeanSpeed="29.16" length="5.67" nVehEntered="163"/>
    <interval begin="4200.00" end="4800.00" id="G009233001000910020_e1_2" nVehContrib="217" flow="1302.00" occupancy="5.60" speed="32.31" harmonicMeanSpeed="32.28" length="5.00" nVehEntered="217"/>
    <interval begin="4200.00" end="4800.00" id="G009233001000910020_e1_3" nVehContrib="143" flow="858.00" occupancy="3.66" speed="32.61" harmonicMeanSpeed="32.60" length="5.00" nVehEntered="143"/>
    <interval begin="4200.00" end="4800.00" id="G009233001001010010_e1_0" nVehContrib="89" flow="534.00" occupancy="3.77" speed="27.69" harmonicMeanSpeed="27.27" length="6.92" nVehEntered="89"/>
    <interval begin="4200.00" end="4800.00" id="G009233001001010010_e1_1" nVehContrib="139" flow="834.00" occupancy="4.65" speed="30.49" harmonicMeanSpeed="30.27" length="5.97" nVehEntered="139"/>
    <interval begin="4200.00" end="4800.00" id="G009233001001010010_e1_2" nVehContrib="192" flow="1152.00" occupancy="4.97" speed="32.20" harmonicMeanSpeed="32.17" length="5.00" nVehEntered="192"/>
    <interval begin="4200.00" end="4800.00" id="G009233001001010010_e1_3" nVehContrib="110" flow="660.00" occupancy="2.82" speed="32.55" harmonicMeanSpeed="32.53" length="5.00" nVehEntered="110"/>
</detector>
