<?xml version="1.0" encoding="UTF-8"?>

<!-- generated on 2024-04-28 22:26:14 by Eclipse SUMO GUI Version 1.14.0
<configuration xmlns:xsi="http://www.w3.org/2001/XMLSchema-instance" xsi:noNamespaceSchemaLocation="http://sumo.dlr.de/xsd/sumoConfiguration.xsd">

    <input>
        <net-file value="D:\SEU\TLab\分类调参\HangYong0428\new.net.xml"/>
        <route-files value="D:\SEU\TLab\分类调参\HangYong0428\1_fast.rou.xml,D:\SEU\TLab\分类调参\HangYong0428\1_mid.rou.xml,D:\SEU\TLab\分类调参\HangYong0428\1_slow.rou.xml,D:\SEU\TLab\分类调参\HangYong0428\2_fast.rou.xml,D:\SEU\TLab\分类调参\HangYong0428\2_mid.rou.xml,D:\SEU\TLab\分类调参\HangYong0428\2_slow.rou.xml"/>
        <additional-files value="D:\SEU\TLab\分类调参\HangYong0428\DETECT.add.xml"/>
    </input>

    <time>
        <end value="4800"/>
    </time>

</configuration>
-->

<e3Detector xmlns:xsi="http://www.w3.org/2001/XMLSchema-instance" xsi:noNamespaceSchemaLocation="http://sumo.dlr.de/xsd/det_e3_file.xsd">
   <interval begin="0.00" end="300.00" id="G009233001000610020" meanTravelTime="-1.00" meanOverlapTravelTime="-1.00" meanSpeed="-1.00" meanHaltsPerVehicle="-1.00" meanTimeLoss="-1.00" vehicleSum="0" meanSpeedWithin="-1.00" meanHaltsPerVehicleWithin="-1.00" meanDurationWithin="-1.00" vehicleSumWithin="0" meanIntervalSpeedWithin="-1.00" meanIntervalHaltsPerVehicleWithin="-1.00" meanIntervalDurationWithin="-1.00" meanTimeLossWithin="-1.00"/>
   <interval begin="0.00" end="300.00" id="G009233001000710010" meanTravelTime="-1.00" meanOverlapTravelTime="-1.00" meanSpeed="-1.00" meanHaltsPerVehicle="-1.00" meanTimeLoss="-1.00" vehicleSum="0" meanSpeedWithin="28.32" meanHaltsPerVehicleWithin="0.00" meanDurationWithin="47.00" vehicleSumWithin="77" meanIntervalSpeedWithin="28.32" meanIntervalHaltsPerVehicleWithin="0.00" meanIntervalDurationWithin="47.00" meanTimeLossWithin="1.43"/>
   <interval begin="0.00" end="300.00" id="G009233001000810010" meanTravelTime="-1.00" meanOverlapTravelTime="-1.00" meanSpeed="-1.00" meanHaltsPerVehicle="-1.00" meanTimeLoss="-1.00" vehicleSum="0" meanSpeedWithin="-1.00" meanHaltsPerVehicleWithin="-1.00" meanDurationWithin="-1.00" vehicleSumWithin="0" meanIntervalSpeedWithin="-1.00" meanIntervalHaltsPerVehicleWithin="-1.00" meanIntervalDurationWithin="-1.00" meanTimeLossWithin="-1.00"/>
   <interval begin="0.00" end="300.00" id="G009233001000910020" meanTravelTime="-1.00" meanOverlapTravelTime="-1.00" meanSpeed="-1.00" meanHaltsPerVehicle="-1.00" meanTimeLoss="-1.00" vehicleSum="0" meanSpeedWithin="-1.00" meanHaltsPerVehicleWithin="-1.00" meanDurationWithin="-1.00" vehicleSumWithin="0" meanIntervalSpeedWithin="-1.00" meanIntervalHaltsPerVehicleWithin="-1.00" meanIntervalDurationWithin="-1.00" meanTimeLossWithin="-1.00"/>
   <interval begin="0.00" end="300.00" id="G009233001001010010" meanTravelTime="-1.00" meanOverlapTravelTime="-1.00" meanSpeed="-1.00" meanHaltsPerVehicle="-1.00" meanTimeLoss="-1.00" vehicleSum="0" meanSpeedWithin="-1.00" meanHaltsPerVehicleWithin="-1.00" meanDurationWithin="-1.00" vehicleSumWithin="0" meanIntervalSpeedWithin="-1.00" meanIntervalHaltsPerVehicleWithin="-1.00" meanIntervalDurationWithin="-1.00" meanTimeLossWithin="-1.00"/>
   <interval begin="300.00" end="600.00" id="G009233001000610020" meanTravelTime="-1.00" meanOverlapTravelTime="-1.00" meanSpeed="-1.00" meanHaltsPerVehicle="-1.00" meanTimeLoss="-1.00" vehicleSum="0" meanSpeedWithin="-1.00" meanHaltsPerVehicleWithin="-1.00" meanDurationWithin="-1.00" vehicleSumWithin="0" meanIntervalSpeedWithin="-1.00" meanIntervalHaltsPerVehicleWithin="-1.00" meanIntervalDurationWithin="-1.00" meanTimeLossWithin="-1.00"/>
   <interval begin="300.00" end="600.00" id="G009233001000710010" meanTravelTime="137.51" meanOverlapTravelTime="137.68" meanSpeed="28.33" meanHaltsPerVehicle="0.00" meanTimeLoss="4.19" vehicleSum="214" meanSpeedWithin="28.30" meanHaltsPerVehicleWithin="0.00" meanDurationWithin="69.36" vehicleSumWithin="113" meanIntervalSpeedWithin="28.30" meanIntervalHaltsPerVehicleWithin="0.00" meanIntervalDurationWithin="69.36" meanTimeLossWithin="2.09"/>
   <interval begin="300.00" end="600.00" id="G009233001000810010" meanTravelTime="-1.00" meanOverlapTravelTime="-1.00" meanSpeed="-1.00" meanHaltsPerVehicle="-1.00" meanTimeLoss="-1.00" vehicleSum="0" meanSpeedWithin="28.34" meanHaltsPerVehicleWithin="0.00" meanDurationWithin="127.19" vehicleSumWithin="214" meanIntervalSpeedWithin="28.34" meanIntervalHaltsPerVehicleWithin="0.00" meanIntervalDurationWithin="127.19" meanTimeLossWithin="3.80"/>
   <interval begin="300.00" end="600.00" id="G009233001000910020" meanTravelTime="-1.00" meanOverlapTravelTime="-1.00" meanSpeed="-1.00" meanHaltsPerVehicle="-1.00" meanTimeLoss="-1.00" vehicleSum="0" meanSpeedWithin="-1.00" meanHaltsPerVehicleWithin="-1.00" meanDurationWithin="-1.00" vehicleSumWithin="0" meanIntervalSpeedWithin="-1.00" meanIntervalHaltsPerVehicleWithin="-1.00" meanIntervalDurationWithin="-1.00" meanTimeLossWithin="-1.00"/>
   <interval begin="300.00" end="600.00" id="G009233001001010010" meanTravelTime="-1.00" meanOverlapTravelTime="-1.00" meanSpeed="-1.00" meanHaltsPerVehicle="-1.00" meanTimeLoss="-1.00" vehicleSum="0" meanSpeedWithin="-1.00" meanHaltsPerVehicleWithin="-1.00" meanDurationWithin="-1.00" vehicleSumWithin="0" meanIntervalSpeedWithin="-1.00" meanIntervalHaltsPerVehicleWithin="-1.00" meanIntervalDurationWithin="-1.00" meanTimeLossWithin="-1.00"/>
   <interval begin="600.00" end="900.00" id="G009233001000610020" meanTravelTime="-1.00" meanOverlapTravelTime="-1.00" meanSpeed="-1.00" meanHaltsPerVehicle="-1.00" meanTimeLoss="-1.00" vehicleSum="0" meanSpeedWithin="-1.00" meanHaltsPerVehicleWithin="-1.00" meanDurationWithin="-1.00" vehicleSumWithin="0" meanIntervalSpeedWithin="-1.00" meanIntervalHaltsPerVehicleWithin="-1.00" meanIntervalDurationWithin="-1.00" meanTimeLossWithin="-1.00"/>
   <interval begin="600.00" end="900.00" id="G009233001000710010" meanTravelTime="137.58" meanOverlapTravelTime="137.76" meanSpeed="28.31" meanHaltsPerVehicle="0.00" meanTimeLoss="4.34" vehicleSum="251" meanSpeedWithin="28.28" meanHaltsPerVehicleWithin="0.00" meanDurationWithin="68.10" vehicleSumWithin="111" meanIntervalSpeedWithin="28.28" meanIntervalHaltsPerVehicleWithin="0.00" meanIntervalDurationWithin="68.10" meanTimeLossWithin="2.07"/>
   <interval begin="600.00" end="900.00" id="G009233001000810010" meanTravelTime="306.38" meanOverlapTravelTime="306.55" meanSpeed="28.40" meanHaltsPerVehicle="0.00" meanTimeLoss="9.09" vehicleSum="211" meanSpeedWithin="28.29" meanHaltsPerVehicleWithin="0.00" meanDurationWithin="151.09" vehicleSumWithin="254" meanIntervalSpeedWithin="28.29" meanIntervalHaltsPerVehicleWithin="0.00" meanIntervalDurationWithin="150.78" meanTimeLossWithin="4.55"/>
   <interval begin="600.00" end="900.00" id="G009233001000910020" meanTravelTime="18.01" meanOverlapTravelTime="18.17" meanSpeed="29.84" meanHaltsPerVehicle="0.00" meanTimeLoss="0.43" vehicleSum="10" meanSpeedWithin="29.73" meanHaltsPerVehicleWithin="0.00" meanDurationWithin="9.25" vehicleSumWithin="6" meanIntervalSpeedWithin="29.73" meanIntervalHaltsPerVehicleWithin="0.00" meanIntervalDurationWithin="9.25" meanTimeLossWithin="0.18"/>
   <interval begin="600.00" end="900.00" id="G009233001001010010" meanTravelTime="-1.00" meanOverlapTravelTime="-1.00" meanSpeed="-1.00" meanHaltsPerVehicle="-1.00" meanTimeLoss="-1.00" vehicleSum="0" meanSpeedWithin="29.63" meanHaltsPerVehicleWithin="0.00" meanDurationWithin="13.52" vehicleSumWithin="6" meanIntervalSpeedWithin="29.63" meanIntervalHaltsPerVehicleWithin="0.00" meanIntervalDurationWithin="13.52" meanTimeLossWithin="0.25"/>
   <interval begin="900.00" end="1200.00" id="G009233001000610020" meanTravelTime="-1.00" meanOverlapTravelTime="-1.00" meanSpeed="-1.00" meanHaltsPerVehicle="-1.00" meanTimeLoss="-1.00" vehicleSum="0" meanSpeedWithin="-1.00" meanHaltsPerVehicleWithin="-1.00" meanDurationWithin="-1.00" vehicleSumWithin="0" meanIntervalSpeedWithin="-1.00" meanIntervalHaltsPerVehicleWithin="-1.00" meanIntervalDurationWithin="-1.00" meanTimeLossWithin="-1.00"/>
   <interval begin="900.00" end="1200.00" id="G009233001000710010" meanTravelTime="138.16" meanOverlapTravelTime="138.34" meanSpeed="28.19" meanHaltsPerVehicle="0.00" meanTimeLoss="4.40" vehicleSum="247" meanSpeedWithin="28.37" meanHaltsPerVehicleWithin="0.00" meanDurationWithin="70.29" vehicleSumWithin="115" meanIntervalSpeedWithin="28.37" meanIntervalHaltsPerVehicleWithin="0.00" meanIntervalDurationWithin="70.29" meanTimeLossWithin="2.15"/>
   <interval begin="900.00" end="1200.00" id="G009233001000810010" meanTravelTime="306.83" meanOverlapTravelTime="307.01" meanSpeed="28.36" meanHaltsPerVehicle="0.00" meanTimeLoss="9.30" vehicleSum="250" meanSpeedWithin="28.13" meanHaltsPerVehicleWithin="0.00" meanDurationWithin="150.97" vehicleSumWithin="251" meanIntervalSpeedWithin="28.13" meanIntervalHaltsPerVehicleWithin="0.00" meanIntervalDurationWithin="150.66" meanTimeLossWithin="4.59"/>
   <interval begin="900.00" end="1200.00" id="G009233001000910020" meanTravelTime="18.96" meanOverlapTravelTime="19.14" meanSpeed="28.36" meanHaltsPerVehicle="0.00" meanTimeLoss="0.58" vehicleSum="234" meanSpeedWithin="28.23" meanHaltsPerVehicleWithin="0.00" meanDurationWithin="6.99" vehicleSumWithin="8" meanIntervalSpeedWithin="28.23" meanIntervalHaltsPerVehicleWithin="0.00" meanIntervalDurationWithin="6.99" meanTimeLossWithin="0.13"/>
   <interval begin="900.00" end="1200.00" id="G009233001001010010" meanTravelTime="-1.00" meanOverlapTravelTime="-1.00" meanSpeed="-1.00" meanHaltsPerVehicle="-1.00" meanTimeLoss="-1.00" vehicleSum="0" meanSpeedWithin="28.40" meanHaltsPerVehicleWithin="0.00" meanDurationWithin="17.34" vehicleSumWithin="22" meanIntervalSpeedWithin="28.40" meanIntervalHaltsPerVehicleWithin="0.00" meanIntervalDurationWithin="17.34" meanTimeLossWithin="0.42"/>
   <interval begin="1200.00" end="1500.00" id="G009233001000610020" meanTravelTime="205.83" meanOverlapTravelTime="206.05" meanSpeed="27.52" meanHaltsPerVehicle="0.00" meanTimeLoss="12.30" vehicleSum="22" meanSpeedWithin="25.66" meanHaltsPerVehicleWithin="0.00" meanDurationWithin="96.74" vehicleSumWithin="156" meanIntervalSpeedWithin="25.66" meanIntervalHaltsPerVehicleWithin="0.00" meanIntervalDurationWithin="96.74" meanTimeLossWithin="8.10"/>
   <interval begin="1200.00" end="1500.00" id="G009233001000710010" meanTravelTime="138.57" meanOverlapTravelTime="138.75" meanSpeed="28.13" meanHaltsPerVehicle="0.00" meanTimeLoss="6.09" vehicleSum="264" meanSpeedWithin="27.76" meanHaltsPerVehicleWithin="0.00" meanDurationWithin="76.29" vehicleSumWithin="141" meanIntervalSpeedWithin="27.76" meanIntervalHaltsPerVehicleWithin="0.00" meanIntervalDurationWithin="76.29" meanTimeLossWithin="4.01"/>
   <interval begin="1200.00" end="1500.00" id="G009233001000810010" meanTravelTime="309.54" meanOverlapTravelTime="309.72" meanSpeed="28.11" meanHaltsPerVehicle="0.00" meanTimeLoss="10.81" vehicleSum="240" meanSpeedWithin="28.13" meanHaltsPerVehicleWithin="0.00" meanDurationWithin="146.90" vehicleSumWithin="312" meanIntervalSpeedWithin="28.13" meanIntervalHaltsPerVehicleWithin="0.00" meanIntervalDurationWithin="146.41" meanTimeLossWithin="6.00"/>
   <interval begin="1200.00" end="1500.00" id="G009233001000910020" meanTravelTime="18.93" meanOverlapTravelTime="19.11" meanSpeed="28.42" meanHaltsPerVehicle="0.00" meanTimeLoss="0.62" vehicleSum="275" meanSpeedWithin="28.92" meanHaltsPerVehicleWithin="0.00" meanDurationWithin="8.26" vehicleSumWithin="16" meanIntervalSpeedWithin="28.92" meanIntervalHaltsPerVehicleWithin="0.00" meanIntervalDurationWithin="8.26" meanTimeLossWithin="0.20"/>
   <interval begin="1200.00" end="1500.00" id="G009233001001010010" meanTravelTime="73.77" meanOverlapTravelTime="74.10" meanSpeed="29.62" meanHaltsPerVehicle="0.00" meanTimeLoss="2.02" vehicleSum="4" meanSpeedWithin="28.17" meanHaltsPerVehicleWithin="0.00" meanDurationWithin="24.48" vehicleSumWithin="37" meanIntervalSpeedWithin="28.17" meanIntervalHaltsPerVehicleWithin="0.00" meanIntervalDurationWithin="24.48" meanTimeLossWithin="1.14"/>
   <interval begin="1500.00" end="1800.00" id="G009233001000610020" meanTravelTime="208.07" meanOverlapTravelTime="208.27" meanSpeed="27.22" meanHaltsPerVehicle="0.00" meanTimeLoss="16.41" vehicleSum="138" meanSpeedWithin="26.62" meanHaltsPerVehicleWithin="0.00" meanDurationWithin="102.99" vehicleSumWithin="113" meanIntervalSpeedWithin="26.62" meanIntervalHaltsPerVehicleWithin="0.00" meanIntervalDurationWithin="102.99" meanTimeLossWithin="8.30"/>
   <interval begin="1500.00" end="1800.00" id="G009233001000710010" meanTravelTime="139.29" meanOverlapTravelTime="139.48" meanSpeed="28.15" meanHaltsPerVehicle="0.00" meanTimeLoss="7.43" vehicleSum="283" meanSpeedWithin="27.83" meanHaltsPerVehicleWithin="0.00" meanDurationWithin="60.03" vehicleSumWithin="142" meanIntervalSpeedWithin="27.83" meanIntervalHaltsPerVehicleWithin="0.00" meanIntervalDurationWithin="60.03" meanTimeLossWithin="3.08"/>
   <interval begin="1500.00" end="1800.00" id="G009233001000810010" meanTravelTime="309.49" meanOverlapTravelTime="309.67" meanSpeed="28.13" meanHaltsPerVehicle="0.00" meanTimeLoss="14.53" vehicleSum="281" meanSpeedWithin="28.11" meanHaltsPerVehicleWithin="0.00" meanDurationWithin="160.56" vehicleSumWithin="311" meanIntervalSpeedWithin="28.11" meanIntervalHaltsPerVehicleWithin="0.00" meanIntervalDurationWithin="159.29" meanTimeLossWithin="7.74"/>
   <interval begin="1500.00" end="1800.00" id="G009233001000910020" meanTravelTime="18.97" meanOverlapTravelTime="19.15" meanSpeed="28.40" meanHaltsPerVehicle="0.00" meanTimeLoss="0.72" vehicleSum="349" meanSpeedWithin="27.54" meanHaltsPerVehicleWithin="0.00" meanDurationWithin="13.56" vehicleSumWithin="14" meanIntervalSpeedWithin="27.54" meanIntervalHaltsPerVehicleWithin="0.00" meanIntervalDurationWithin="13.56" meanTimeLossWithin="0.62"/>
   <interval begin="1500.00" end="1800.00" id="G009233001001010010" meanTravelTime="74.29" meanOverlapTravelTime="74.47" meanSpeed="29.35" meanHaltsPerVehicle="0.00" meanTimeLoss="2.95" vehicleSum="62" meanSpeedWithin="27.81" meanHaltsPerVehicleWithin="0.00" meanDurationWithin="29.11" vehicleSumWithin="63" meanIntervalSpeedWithin="27.81" meanIntervalHaltsPerVehicleWithin="0.00" meanIntervalDurationWithin="29.11" meanTimeLossWithin="1.75"/>
   <interval begin="1800.00" end="1823.00" id="G009233001000610020" meanTravelTime="208.73" meanOverlapTravelTime="208.93" meanSpeed="27.08" meanHaltsPerVehicle="0.00" meanTimeLoss="17.21" vehicleSum="13" meanSpeedWithin="26.54" meanHaltsPerVehicleWithin="0.00" meanDurationWithin="93.30" vehicleSumWithin="107" meanIntervalSpeedWithin="26.97" meanIntervalHaltsPerVehicleWithin="0.00" meanIntervalDurationWithin="21.28" meanTimeLossWithin="1.82"/>
   <interval begin="1800.00" end="1823.00" id="G009233001000710010" meanTravelTime="141.37" meanOverlapTravelTime="141.58" meanSpeed="27.76" meanHaltsPerVehicle="0.00" meanTimeLoss="7.81" vehicleSum="17" meanSpeedWithin="27.91" meanHaltsPerVehicleWithin="0.00" meanDurationWithin="60.01" vehicleSumWithin="153" meanIntervalSpeedWithin="27.86" meanIntervalHaltsPerVehicleWithin="0.00" meanIntervalDurationWithin="20.61" meanTimeLossWithin="1.05"/>
   <interval begin="1800.00" end="1823.00" id="G009233001000810010" meanTravelTime="310.57" meanOverlapTravelTime="310.75" meanSpeed="28.09" meanHaltsPerVehicle="0.00" meanTimeLoss="17.27" vehicleSum="27" meanSpeedWithin="28.12" meanHaltsPerVehicleWithin="0.00" meanDurationWithin="159.55" vehicleSumWithin="297" meanIntervalSpeedWithin="28.06" meanIntervalHaltsPerVehicleWithin="0.00" meanIntervalDurationWithin="22.50" meanTimeLossWithin="0.99"/>
   <interval begin="1800.00" end="1823.00" id="G009233001000910020" meanTravelTime="19.60" meanOverlapTravelTime="19.82" meanSpeed="27.53" meanHaltsPerVehicle="0.00" meanTimeLoss="1.24" vehicleSum="19" meanSpeedWithin="27.74" meanHaltsPerVehicleWithin="0.00" meanDurationWithin="10.96" vehicleSumWithin="34" meanIntervalSpeedWithin="27.74" meanIntervalHaltsPerVehicleWithin="0.00" meanIntervalDurationWithin="10.96" meanTimeLossWithin="0.62"/>
   <interval begin="1800.00" end="1823.00" id="G009233001001010010" meanTravelTime="75.01" meanOverlapTravelTime="75.22" meanSpeed="29.08" meanHaltsPerVehicle="0.00" meanTimeLoss="4.76" vehicleSum="8" meanSpeedWithin="26.94" meanHaltsPerVehicleWithin="0.00" meanDurationWithin="33.97" vehicleSumWithin="50" meanIntervalSpeedWithin="26.57" meanIntervalHaltsPerVehicleWithin="0.00" meanIntervalDurationWithin="18.79" meanTimeLossWithin="1.01"/>
</e3Detector>
